<?xml version='1.0' encoding='utf-8' standalone='yes' ?>
<map>
    <string name="pref_zoom_in_command_string">-1</string>
    <string name="pref_has_checked_dual_ev_brightness">0</string>
    <string name="lib_luma_l4_wide_key">8751</string>
    <string name="pref_camera_dynamic_depth_enabled_key">0</string>
    <string name="pref_camera_coach_key">1</string>
    <string name="lib_luma_l2_key">-1</string>
    <string name="pref_double_tap_key">zoom</string>
    <string name="pref_camera_picturesize_front_key">2592x1940</string>
    <string name="lib_luma_l3_5th_key">-1</string>
    <string name="pref_camera_grid_lines_mode">3</string>
    <string name="pref_imax_audio_enabled_key">0</string>
    <string name="pref_ext_mic_key">0</string>
    <string name="lib_luma_l3_tele_key">-1</string>
    <string name="lib_chroma_l1_tele_key">-1</string>
    <string name="lib_chroma_l1_wide_key">-1</string>
    <string name="lib_chroma_l4_key">-1</string>
    <string name="pref_aperture">0</string>
    <string name="pref_social_app_com_facebook_orca">0</string>
    <string name="pref_last_location_recording_state">1</string>
    <string name="pref_switch_to_previous_mode_command_string">-1</string>
    <string name="pref_has_checked_cheetah_mode">0</string>
    <string name="pref_video_quality_ultra_key">1</string>
    <string name="lib_chroma_l2_tele_key">-1</string>
    <string name="pref_camera_picturesize_back_key">4624x3472</string>
    <string name="lib_chroma_l1_4th_key">-1</string>
    <string name="lib_luma_l1_4th_key">-1</string>
    <string name="pref_camera_back_flashmode_key">off</string>
    <string name="pref_mode_vesper_level">1</string>
    <string name="pref_social_app_org_telegram_messenger">0</string>
    <string name="lib_luma_l4_key">-1</string>
    <string name="pref_camera_enable_iris">0</string>
    <string name="pref_micro_mode">1</string>
    <string name="pref_has_checked_ornament_mode">0</string>
    <string name="lib_curve_key">1</string>
    <string name="pref_release_dialog_last_shown_version"></string>
    <string name="lib_sharpness_5th_key">1000</string>
    <string name="pref_camera_hdrplus_option_available_key">1</string>
    <string name="lib_darks_key">-7</string>
    <string name="pref_aux_key">0</string>
    <string name="pref_maxbright_key">0</string>
    <string name="pref_4k_timelapse_key">1</string>
    <string name="lib_luma_l2_5th_key">-1</string>
    <string name="pref_volume_key_action">shutter</string>
    <string name="lib_chroma_l3_wide_key">11251</string>
    <string name="pref_has_seen_permissions_dialogs">1</string>
    <string name="pref_link_first_time_chip_click_ms">0</string>
    <string name="pref_config_nickname_key">K30ProZoomGil</string>
    <string name="pref_ehn_awb_key">1</string>
    <string name="lib_sharpness_key">1000</string>
    <string name="lib_contrast_tele_key">1000</string>
    <string name="pref_has_checked_social_share">0</string>
    <string name="pref_camera_resolution">full</string>
    <string name="pref_checkbox_mf_enabled_infinity">0</string>
    <string name="key_aspect_ratio">1</string>
    <string name="lib_chroma_4th_key">1000</string>
    <string name="lib_saturation_4th_key">1000</string>
    <string name="lib_chroma_l3_key">-1</string>
    <string name="lib_luma_5th_key">1000</string>
    <string name="lib_luma_l2_wide_key">-1</string>
    <string name="lib_saturation_wide_key">1250</string>
    <string name="pref_camera_selfie_mirror_key">0</string>
    <string name="pref_enable_patcher_key">1</string>
    <string name="lib_chroma_l1_key">-1</string>
    <string name="pref_camera_hdr_plus_key">on</string>
    <string name="pref_video_stabilization_key">1</string>
    <string name="pref_bitrate_key">0</string>
    <string name="pref_checkbox_mf_enabled_5">0</string>
    <string name="lib_luma_l2_4th_key">-1</string>
    <string name="pref_af_mode_front">0</string>
    <string name="lib_chroma_l3_5th_key">-1</string>
    <string name="lib_luma_l1_wide_key">-1</string>
    <string name="lib_luma_4th_key">1000</string>
    <string name="lib_chroma_tele_key">1000</string>
    <string name="lib_chroma_l1_5th_key">-1</string>
    <string name="pref_has_checked_tiara_mode">0</string>
    <string name="lib_luma_key">1000</string>
    <string name="key_modeless_video">0</string>
    <string name="lib_luma_tele_key">1000</string>
    <string name="lib_saturation_tele_key">1000</string>
    <string name="lib_luma_wide_key">1000</string>
    <string name="pref_social_app_com_google_android_apps_messaging">1</string>
    <string name="pref_saperture">0</string>
    <string name="pref_upgrade_version">20</string>
    <boolean name="autotimer_tutorial_shown" value="true" />
    <string name="lib_sharpness_4th_key">1000</string>
    <string name="pref_raw_sensor_key">0</string>
    <string name="lib_chroma_l4_tele_key">-1</string>
    <string name="lib_luma_l3_key">-1</string>
    <string name="lib_chroma_l4_wide_key">8751</string>
    <string name="perf_has_shown_options_bar">1</string>
    <string name="lib_luma_l1_5th_key">-1</string>
    <string name="lib_pdarks_key">250</string>
    <string name="pref_camera_picturesize_5th_key">Full resolution</string>
    <string name="lib_chroma_l4_4th_key">-1</string>
    <string name="pref_social_app_com_facebook_katana">0</string>
    <string name="pref_ois_video_stabilization_key">1</string>
    <string name="pref_video_fps_p2018_key">FPS_30</string>
    <string name="pref_motion_toast_last_shown_version">7.3.018.291816413</string>
    <string name="lib_chroma_wide_key">1000</string>
    <string name="pref_camera_raw_output_key">0</string>
    <string name="lib_chroma_l3_4th_key">-1</string>
    <string name="pref_video_hevc_setting_key">0</string>
    <string name="pref_switch_camera_command_string">-1</string>
    <string name="pref_has_checked_photosphere_mode">0</string>
    <string name="pref_camera_sounds_key">0</string>
    <string name="lib_whites_key">15</string>
    <string name="lib_luma_l1_tele_key">-1</string>
    <string name="pref_switch_to_next_mode_command_string">-1</string>
    <string name="lib_chroma_l3_tele_key">-1</string>
    <string name="lib_contrast_4th_key">1000</string>
    <string name="lib_saturation_5th_key">1000</string>
    <string name="lib_luma_l3_4th_key">-1</string>
    <string name="pref_camera_recordlocation_key">1</string>
    <string name="lib_chroma_5th_key">1000</string>
    <string name="pref_camera_raw_output_option_available_key">0</string>
    <string name="pref_has_checked_cuttlefish_mode">0</string>
    <string name="lib_luma_l2_tele_key">-1</string>
    <string name="pref_show_buttons_key">1</string>
    <string name="lib_luma_l4_5th_key">-1</string>
    <string name="pref_show_48mp_key">0</string>
    <string name="lib_chroma_l2_5th_key">-1</string>
    <string name="lib_chroma_l4_5th_key">-1</string>
    <string name="pref_camera_front_flashmode_key">off</string>
    <string name="pref_pzoom_key">1</string>
    <string name="pref_gallery_key">1</string>
    <string name="lib_sharpness_tele_key">1000</string>
    <string name="perf_has_run_first_education">1</string>
    <string name="lib_sharpness_wide_key">1250</string>
    <string name="pref_zoom_out_command_string">-1</string>
    <string name="lib_contrast_5th_key">1000</string>
    <string name="key_social_share_opt_in">1</string>
    <string name="perf_has_run_second_education">0</string>
    <string name="pref_has_checked_measure_mode">0</string>
    <string name="lib_contrast_key">1000</string>
    <string name="key_ff_opt_in">0</string>
    <string name="pref_camera_picturesize_aux_key">3264x2448</string>
    <string name="pref_has_checked_dual_ev_shadow">0</string>
    <string name="lib_luma_l3_wide_key">11251</string>
    <string name="lib_contrast_wide_key">875</string>
    <string name="pref_dirty_lens_detector_key">1</string>
    <string name="lib_pwhites_key">250</string>
    <string name="pref_checkbox_mf_enabled_macro">1</string>
    <string name="lib_saturation_key">1250</string>
    <string name="pref_frames_key">25</string>
    <string name="pref_has_checked_lens_mode">0</string>
    <string name="lib_luma_l4_4th_key">-1</string>
    <string name="lib_chroma_l2_4th_key">-1</string>
    <string name="lib_chroma_key">1000</string>
    <string name="pref_camera_picturesize_3rd_key">4208x3120</string>
    <string name="pref_camera_dirty_lens_history_key0">-0.5211461|-0.7176682|-3.121785|-6.436688|-0.71976966|-1.89026|-3.6151342|-5.755942|-3.7936647|-3.809809|-2.4929674|-2.7402587|-4.7874575|-3.5577|</string>
    <string name="pref_checkbox_mf_enabled_portrait">1</string>
    <string name="lib_chroma_l2_wide_key">-1</string>
    <string name="lib_luma_l1_key">-1</string>
    <string name="lib_luma_l4_tele_key">-1</string>
    <string name="pref_camera_dirty_lens_history_key2">-3.0175328|</string>
    <string name="pref_camera_dirty_lens_history_key3">-5.0314555|-6.3119555|-5.5685067|-5.766078|-4.113842|-3.7710388|-5.299512|-4.338144|-3.7196608|-5.0502424|-4.702591|-5.427452|-1.4074304|-5.781538|-5.621204|-4.669253|-4.261189|</string>
    <string name="pref_shutter_command_string">-1</string>
    <string name="pref_camera_picturesize_4th_key">Full resolution</string>
    <string name="lib_chroma_l2_key">-1</string>
    <string name="pref_camera_advice_settings">1</string>
    <string name="pref_af_mode_back">0</string>
</map>
