<?xml version='1.0' encoding='utf-8' standalone='yes' ?>
<map>
    <string name="pref_e_hdrplus_key">1</string>
    <string name="bl_back_key">0</string>
    <string name="pref_front_customdenoiseparam_key">0</string>
    <string name="pref_wbred_key">98</string>
    <string name="pref_front_noise_model_ao_key">375</string>
    <string name="pref_green_imbalance_factor_key">0</string>
    <string name="pref_camera_picturesize_front_key">3264x2448</string>
    <string name="pref_double_tap_key">Powiększenie</string>
    <string name="key_promote_launch_wear">0</string>
    <string name="BGreenOffsetKey">0</string>
    <string name="pref_qjpg_key">100</string>
    <string name="portrait_fixer">1</string>
    <string name="raw_key">32</string>
    <string name="pref_camera_grid_lines_mode">1</string>
    <string name="pref_camera_pano_orientation">pano_horizontal</string>
    <string name="pref_imax_audio_enabled_key">0</string>
    <string name="resampling_method_override_key">1</string>
    <string name="pref_ext_mic_key">0</string>
    <string name="pref_back_denoise_chroma_1_key">1500</string>
    <string name="pref_wbgreen2_key">100</string>
    <int name="ZCameraToggleState" value="2" />
    <boolean name="awb_toggle_key" value="false" />
    <string name="pref_last_location_recording_state">0</string>
    <string name="pref_has_checked_photobooth_mode">1</string>
    <string name="vfp_motion_key">0</string>
    <string name="highlight_b_key">10</string>
    <string name="pref_video_quality_front_key">large</string>
    <boolean name="Device9609Fixes" value="false" />
    <string name="pref_camera_picturesize_back_key">4032x3024</string>
    <string name="BlueOffsetMKey">0</string>
    <string name="pref_camera_back_flashmode_key">off</string>
    <string name="pref_disable_zoom_key">1</string>
    <string name="pref_mode_vesper_level">0</string>
    <string name="pref_camera_hdr_key">0</string>
    <string name="eLumaDenoise">08fee7d2</string>
    <string name="pref_has_seen_swiped_to_video">1</string>
    <string name="pref_cuttlefish_front_torch_mode_key">off</string>
    <string name="pref_camera_enable_iris">0</string>
    <string name="LensShadingBack">S10+</string>
    <boolean name="frontFixS9" value="false" />
    <string name="pref_has_checked_ornament_mode">0</string>
    <string name="pref_micro_mode">1</string>
    <string name="pref_back_denoise_revert_1_key">5</string>
    <boolean name="temporal_binning_toggle_key" value="true" />
    <string name="pref_camera_hdrplus_option_available_key">1</string>
    <string name="RedOffsetKey">0</string>
    <string name="pref_back_denoise_luma_2_key">100</string>
    <string name="pref_back_denoise_luma_0_key">200</string>
    <string name="pref_back_denoise_revert_0_key">5</string>
    <string name="buffer_key">0</string>
    <string name="frames_min_key">16</string>
    <string name="pref_wbblue_key">100</string>
    <string name="pref_meteringmode_key">3</string>
    <boolean name="customlibkey" value="true" />
    <string name="pref_volume_key_action">Migawka</string>
    <string name="style_key">0</string>
    <string name="pref_front_denoise_luma_0_key">200</string>
    <string name="slowmo_key">0</string>
    <string name="pref_has_seen_permissions_dialogs">1</string>
    <string name="pref_front_noise_model_as_key">847150</string>
    <string name="pref_front_denoise_revert_1_key">5</string>
    <string name="pref_exposure_key">0</string>
    <string name="pref_video_quality_back_key">large</string>
    <string name="iso_up_key">0</string>
    <string name="motion_key">0</string>
    <long name="tooltip_latest_impression_timestamp_for_cuttlefish_steady_advice" value="1579990116598" />
    <string name="LiveHdrBack">1</string>
    <string name="RedOffsetMKey">0</string>
    <boolean name="DumpDev" value="false" />
    <string name="google_photos_key">0</string>
    <string name="pref_camera_video_back_flashmode_key">off</string>
    <string name="LiveHdrModeBack">0</string>
    <string name="frontDenoiseMul">100</string>
    <string name="RGreenOffsetKey">0</string>
    <string name="RedOffsetEKey">0</string>
    <string name="highlight_f_key">10</string>
    <string name="exp_ns_key">3333</string>
    <string name="pref_back_noise_model_as_key">847150</string>
    <boolean name="Aperture_key" value="false" />
    <string name="pref_enable_lowlight_key">0</string>
    <string name="config_key">0</string>
    <string name="pref_camera_hdr_plus_key">on</string>
    <string name="vfp_ae_key">0</string>
    <string name="pref_video_stabilization_key">0</string>
    <string name="pref_front_noise_model_bo_key">90000</string>
    <string name="pref_bitrate_key">40000000</string>
    <string name="pref_back_tuningmode_key">0</string>
    <string name="pref_back_customdenoiseparam_key">0</string>
    <string name="pref_camera_video_front_flashmode_key">off</string>
    <string name="eSharpnes">08fee7d2</string>
    <string name="pref_front_denoise_chroma_2_key">1000</string>
    <string name="pref_af_mode_front">0</string>
    <boolean name="NoiseProfileToggle" value="true" />
    <int name="tooltip_impression_count_for_cuttlefish_steady_advice" value="2" />
    <string name="pref_back_noise_model_ao_key">375</string>
    <string name="pref_back_denoise_chroma_0_key">2000</string>
    <string name="pref_micro_res_key">5</string>
    <string name="pref_back_noise_model_bo_key">90000</string>
    <string name="fix_old_wb_key">0</string>
    <string name="pref_hdrplusmulti_key">100</string>
    <string name="pref_upgrade_version">16</string>
    <string name="panorama_upgrade_version">1</string>
    <boolean name="alternativeConstructor" value="false" />
    <string name="BGreenOffsetEKey">0</string>
    <string name="pref_front_customnoisemodel_key">0</string>
    <string name="pref_front_denoise_chroma_0_key">2000</string>
    <string name="BGreenOffsetMKey">0</string>
    <string name="pref_camera_photosphere_orientation">pano_photosphere</string>
    <string name="eChromaDenoise">08ffe7d2</string>
    <string name="model_f_key">7</string>
    <string name="pref_micro_res2_key">2</string>
    <string name="img_key">256</string>
    <string name="pref_camera_raw_output_key">0</string>
    <string name="pref_awbmode_key">1</string>
    <string name="pref_back_denoise_chroma_2_key">1000</string>
    <boolean name="EnableSabre" value="false" />
    <string name="pref_video_hevc_setting_key">0</string>
    <string name="pref_max_brightness_key">0</string>
    <string name="pref_back_denoise_revert_2_key">5</string>
    <string name="pref_has_checked_photosphere_mode">1</string>
    <string name="pref_camera_sounds_key">0</string>
    <string name="pref_front_denoise_luma_2_key">100</string>
    <string name="pref_back_customnoisemodel_key">0</string>
    <string name="suppress_hot_pixels_key">1</string>
    <string name="shadow_b_key">16</string>
    <string name="pref_camera_recordlocation_key">0</string>
    <string name="NoiseProfileFrontKey">s10+</string>
    <string name="pref_front_noise_model_bs_key">45450</string>
    <string name="BlueOffsetKey">0</string>
    <string name="NoiseProfileBackKey">s10+</string>
    <string name="pref_disable_slowmotion_key">1</string>
    <string name="LiveHdrFront">1</string>
    <string name="pref_camera_raw_output_option_available_key">1</string>
    <string name="pref_front_denoise_revert_2_key">5</string>
    <string name="RGreenOffsetMKey">0</string>
    <string name="pref_has_checked_cuttlefish_mode">1</string>
    <string name="ignore_black_pixels_key">1</string>
    <string name="pref_back_noise_model_bs_key">45450</string>
    <string name="pref_camera_front_flashmode_key">off</string>
    <string name="fix_ns_key">1</string>
    <string name="BlueOffsetEKey">0</string>
    <string name="RGreenOffsetEKey">0</string>
    <boolean name="Devicea5Fixes" value="false" />
    <string name="pref_back_denoise_luma_1_key">150</string>
    <string name="pref_video_fps_key">FPS_30</string>
    <string name="aux_key">0</string>
    <string name="exp_key">1667</string>
    <string name="pref_front_denoise_luma_1_key">150</string>
    <string name="pref_front_tuningmode_key">0</string>
    <string name="LiveHdrModeFront">0</string>
    <string name="pref_antibandingmode_key">0</string>
    <string name="ToneMapKey">3</string>
    <string name="pref_flash_supported_back_camera">1</string>
    <string name="pref_hdr_support_mode_back_camera">hdr_plus</string>
    <string name="flash_ns_key">1</string>
    <string name="pref_dirty_lens_detector_key">0</string>
    <string name="pref_has_checked_lens_mode">1</string>
    <string name="pref_wbgreen1_key">100</string>
    <string name="pref_camera_countdown_duration_key">0</string>
    <string name="LensShadingFront">S10+</string>
    <string name="pref_enable_portrait_key">1</string>
    <string name="pref_e_hdrplus_ns_key">0</string>
    <string name="pref_front_denoise_chroma_1_key">1500</string>
    <string name="shadow_f_key">16</string>
    <string name="bl_front_key">-1</string>
    <string name="model_b_key">7</string>
    <string name="aux_switchID">0</string>
    <string name="pref_has_checked_gouda_mode">1</string>
    <string name="pref_camera_advice_settings">1</string>
    <string name="pref_front_denoise_revert_0_key">5</string>
    <string name="pref_af_mode_back">0</string>
</map>
