<?xml version='1.0' encoding='utf-8' standalone='yes' ?>
<map>
    <string name="pref_zoom_in_command_string">-1</string>
    <string name="pref_has_checked_dual_ev_brightness">0</string>
    <string name="pref_set_log_mode_key">0</string>
    <string name="pref_camera_dynamic_depth_enabled_key">0</string>
    <string name="pref_camera_coach_key">1</string>
    <string name="pref_double_tap_key">camera</string>
    <string name="pref_camera_picturesize_front_key">2304x1728</string>
    <string name="key_promote_launch_wear">0</string>
    <string name="pref_camera_grid_lines_mode">0</string>
    <string name="pref_opmodes_in">1</string>
    <string name="pref_hexagon_key">1</string>
    <string name="pref_imax_audio_enabled_key">0</string>
    <string name="pref_ext_mic_key">0</string>
    <string name="pref_exposure_front_option_available_key">-1</string>
    <string name="pref_last_location_recording_state">1</string>
    <string name="pref_switch_to_previous_mode_command_string">-1</string>
    <int name="tooltip_impression_count_for_long_press" value="1" />
    <string name="pref_af_data_hide_key">1</string>
    <string name="pref_has_checked_cheetah_mode">1</string>
    <string name="pref_camera_picturesize_back_key">4656x3496</string>
    <string name="pref_mode_vesper_level">0</string>
    <string name="pref_social_app_org_telegram_messenger">1</string>
    <string name="pref_exposure_max_front_key">5</string>
    <string name="pref_camera_enable_iris">1</string>
    <string name="pref_micro_mode">0</string>
    <string name="pref_has_checked_ornament_mode">0</string>
    <string name="pref_release_dialog_last_shown_version"></string>
    <string name="pref_camera_hdrplus_option_available_key">1</string>
    <string name="pref_lens_back_key">0</string>
    <string name="pref_maxbright_key">0</string>
    <string name="pref_model_back_key">11</string>
    <string name="pref_volume_key_action">shutter</string>
    <string name="pref_awb_key">0</string>
    <string name="pref_has_seen_permissions_dialogs">1</string>
    <string name="pref_link_first_time_chip_click_ms">0</string>
    <string name="pref_config_nickname_key">@nickpl13</string>
    <string name="pref_astro_key">0</string>
    <int name="tooltip_impression_count_for_micro_tutorial_dismiss" value="1" />
    <int name="tooltip_impression_count_for_pref_has_checked_quick_share_tooltip" value="1" />
    <long name="tooltip_latest_impression_timestamp_for_cuttlefish_steady_advice" value="1593686673908" />
    <string name="pref_has_checked_social_share">1</string>
    <string name="pref_camera_resolution">full</string>
    <string name="pref_exposure_max_back_key">5</string>
    <boolean name="finish_long_shot_capture" value="true" />
    <string name="pref_camera_selfie_mirror_key">1</string>
    <string name="pref_camera_hdr_plus_key">auto</string>
    <string name="pref_bitrate_key">0</string>
    <string name="pref_video_stabilization_key">0</string>
    <string name="pref_af_mode_front">0</string>
    <string name="pref_opmode_portrait_key">40970</string>
    <int name="tooltip_impression_count_for_cuttlefish_steady_advice" value="1" />
    <string name="key_frequent_faces_info">1</string>
    <string name="pref_has_checked_tiara_mode">0</string>
    <string name="key_modeless_video">0</string>
    <string name="pref_social_app_org_thunderdog_challegram">1</string>
    <string name="pref_social_app_com_google_android_apps_messaging">0</string>
    <string name="pref_opmode_video_key">33041</string>
    <string name="pref_has_set_social_share_apps">1</string>
    <string name="pref_upgrade_version">21</string>
    <long name="tooltip_latest_impression_timestamp_for_micro_tutorial_dismiss" value="1593688568750" />
    <boolean name="autotimer_tutorial_shown" value="true" />
    <string name="perf_has_shown_options_bar">1</string>
    <string name="pref_aemode_front_key">0</string>
    <string name="pref_motion_toast_last_shown_version">7.4.104.314953318</string>
    <string name="pref_camera_raw_output_key">0</string>
    <string name="pref_video_fps_4k_key">FPS_30</string>
    <string name="pref_video_hevc_setting_key">1</string>
    <string name="pref_switch_camera_command_string">-1</string>
    <string name="pref_has_checked_photosphere_mode">0</string>
    <string name="pref_lens_front_key">1</string>
    <string name="pref_camera_sounds_key">1</string>
    <string name="pref_switch_to_next_mode_command_string">-1</string>
    <string name="pref_social_app_com_instagram_android">1</string>
    <string name="pref_opmode_key">0</string>
    <string name="pref_stream_opmode_key">2</string>
    <string name="pref_opmode_nigth_key">40971</string>
    <string name="pref_camera_recordlocation_key">0</string>
    <boolean name="finish_video_capture" value="true" />
    <string name="pref_exposure_option_available_key">-2</string>
    <string name="pref_camera_raw_output_option_available_key">0</string>
    <string name="pref_has_checked_cuttlefish_mode">1</string>
    <string name="pref_pzoom_key">1</string>
    <string name="pref_aemode_back_key">10</string>
    <string name="perf_has_run_first_education">1</string>
    <string name="pref_video_fps_key">FPS_30</string>
    <string name="pref_zoom_out_command_string">-1</string>
    <string name="pref_model_front_key">1</string>
    <string name="key_social_share_opt_in">1</string>
    <long name="tooltip_latest_impression_timestamp_for_pref_has_checked_quick_share_tooltip" value="1594032033527" />
    <string name="perf_has_run_second_education">0</string>
    <string name="pref_has_checked_measure_mode">0</string>
    <string name="key_ff_opt_in">1</string>
    <string name="pref_has_checked_dual_ev_shadow">0</string>
    <string name="pref_opmode_normal_key">61456</string>
    <string name="pref_frames_key">0</string>
    <string name="pref_opmode_motion_key">33041</string>
    <string name="pref_has_checked_lens_mode">0</string>
    <string name="pref_config_changelog_key">N G C a m⠀7 . 4</string>
    <string name="pref_camera_dirty_lens_history_key0">-5.4225264|-5.7568645|-5.7356462|-1.9685961|-5.880498|-7.029385|-6.2380815|-7.850245|-6.895197|-6.2298903|-8.002773|-10.8224325|-9.685537|-2.88649|-7.2727942|-8.119215|-5.95428|-7.60859|-5.756981|-4.5768647|-6.934777|-4.436288|-4.7814217|-5.92563|-5.934|-8.52574|-7.4852347|0.90679044|-5.44329|</string>
    <string name="pref_awb_back_key">6</string>
    <string name="pref_camera_dirty_lens_history_key1">-2.9247727|-7.8085256|-2.7554643|-8.033627|-5.4324846|</string>
    <string name="pref_camera_dirty_lens_history_key2"></string>
    <string name="pref_shutter_command_string">-1</string>
    <string name="pref_video_resolution">RES_1080P</string>
    <string name="pref_opmode_front_normal_key">61456</string>
    <string name="pref_has_checked_gouda_mode">1</string>
    <string name="pref_camera_advice_settings">1</string>
    <string name="pref_awb_front_key">5</string>
    <string name="pref_af_mode_back">0</string>
</map>
