<?xml version='1.0' encoding='utf-8' standalone='yes' ?>
<map>
    <string name="pref_zoom_in_command_string">-1</string>
    <string name="pref_has_checked_dual_ev_brightness">0</string>
    <string name="lib_luma_l4_wide_key">-1</string>
    <string name="pref_camera_dynamic_depth_enabled_key">0</string>
    <string name="pref_camera_coach_key">1</string>
    <string name="lib_luma_l2_key">-1</string>
    <string name="pref_double_tap_key">zoom</string>
    <string name="pref_camera_picturesize_front_key">2592x1940</string>
    <string name="lib_luma_l3_5th_key">-1</string>
    <string name="pref_camera_grid_lines_mode">0</string>
    <string name="pref_imax_audio_enabled_key">0</string>
    <string name="pref_ext_mic_key">0</string>
    <string name="lib_luma_l3_tele_key">-1</string>
    <string name="lib_chroma_l1_tele_key">-1</string>
    <string name="lib_chroma_l1_wide_key">-1</string>
    <string name="lib_chroma_l4_key">-1</string>
    <string name="pref_last_location_recording_state">0</string>
    <string name="pref_switch_to_previous_mode_command_string">-1</string>
    <string name="pref_has_checked_cheetah_mode">1</string>
    <string name="pref_video_quality_ultra_key">1</string>
    <string name="lib_chroma_l2_tele_key">-1</string>
    <string name="pref_camera_picturesize_back_key">6016x4512</string>
    <string name="pref_social_app_com_tencent_mm">0</string>
    <string name="lib_chroma_l1_4th_key">-1</string>
    <string name="lib_luma_l1_4th_key">-1</string>
    <string name="pref_camera_back_flashmode_key">off</string>
    <string name="pref_mode_vesper_level">1</string>
    <string name="pref_social_app_org_telegram_messenger">0</string>
    <string name="lib_luma_l4_key">-1</string>
    <string name="pref_camera_enable_iris">0</string>
    <string name="pref_micro_mode">0</string>
    <string name="pref_has_checked_ornament_mode">0</string>
    <string name="lib_curve_key">0</string>
    <string name="pref_release_dialog_last_shown_version"></string>
    <string name="lib_sharpness_5th_key">1000</string>
    <string name="pref_camera_hdrplus_option_available_key">1</string>
    <string name="lib_darks_key">-6</string>
    <string name="pref_aux_key">0</string>
    <string name="pref_4k_timelapse_key">1</string>
    <string name="lib_luma_l2_5th_key">-1</string>
    <string name="pref_volume_key_action">shutter</string>
    <string name="lib_chroma_l3_wide_key">-1</string>
    <string name="pref_link_first_time_chip_click_ms">0</string>
    <string name="pref_config_nickname_key">yan</string>
    <string name="pref_ehn_awb_key">3</string>
    <int name="tooltip_impression_count_for_micro_tutorial_dismiss" value="1" />
    <string name="lib_sharpness_key">1000</string>
    <string name="pref_auxbackcamera_key">0</string>
    <int name="tooltip_impression_count_for_pref_has_checked_quick_share_tooltip" value="3" />
    <long name="tooltip_latest_impression_timestamp_for_cuttlefish_steady_advice" value="1585727933473" />
    <string name="lib_contrast_tele_key">1000</string>
    <string name="pref_has_checked_social_share">1</string>
    <string name="pref_camera_resolution">full</string>
    <string name="pref_checkbox_mf_enabled_infinity">0</string>
    <string name="key_aspect_ratio">1</string>
    <string name="lib_chroma_4th_key">1000</string>
    <string name="lib_saturation_4th_key">1000</string>
    <string name="lib_chroma_l3_key">-1</string>
    <string name="lib_luma_5th_key">1000</string>
    <string name="lib_luma_l2_wide_key">-1</string>
    <boolean name="finish_long_shot_capture" value="true" />
    <string name="lib_saturation_wide_key">1000</string>
    <string name="pref_camera_selfie_mirror_key">0</string>
    <string name="pref_enable_patcher_key">0</string>
    <string name="pref_init_mf_key">0</string>
    <string name="lib_chroma_l1_key">-1</string>
    <string name="pref_camera_hdr_plus_key">on</string>
    <string name="pref_video_stabilization_key">1</string>
    <string name="pref_bitrate_key">0</string>
    <string name="pref_checkbox_mf_enabled_5">0</string>
    <string name="lib_luma_l2_4th_key">-1</string>
    <string name="pref_af_mode_front">0</string>
    <string name="lib_chroma_l3_5th_key">-1</string>
    <int name="tooltip_impression_count_for_cuttlefish_steady_advice" value="1" />
    <string name="lib_luma_l1_wide_key">-1</string>
    <string name="lib_luma_4th_key">1000</string>
    <string name="pref_aux3rdcamera_key">0</string>
    <string name="lib_chroma_tele_key">1000</string>
    <string name="lib_chroma_l1_5th_key">-1</string>
    <string name="pref_has_checked_tiara_mode">0</string>
    <string name="lib_luma_key">1000</string>
    <string name="key_modeless_video">0</string>
    <string name="lib_luma_tele_key">1000</string>
    <string name="pref_mf_on_key">1</string>
    <string name="lib_saturation_tele_key">1000</string>
    <string name="lib_luma_wide_key">1000</string>
    <string name="pref_social_app_com_google_android_apps_messaging">0</string>
    <string name="pref_astrophoto_key">off</string>
    <string name="pref_upgrade_version">20</string>
    <long name="tooltip_latest_impression_timestamp_for_micro_tutorial_dismiss" value="1585727663353" />
    <boolean name="autotimer_tutorial_shown" value="true" />
    <string name="panorama_upgrade_version">1</string>
    <string name="lib_sharpness_4th_key">1000</string>
    <string name="pref_raw_sensor_key">0</string>
    <string name="lib_chroma_l4_tele_key">-1</string>
    <string name="lib_luma_l3_key">-1</string>
    <string name="lib_chroma_l4_wide_key">-1</string>
    <string name="perf_has_shown_options_bar">1</string>
    <string name="lib_luma_l1_5th_key">-1</string>
    <string name="lib_pdarks_key">333</string>
    <string name="pref_camera_picturesize_5th_key">完整分辨率</string>
    <string name="lib_chroma_l4_4th_key">-1</string>
    <string name="pref_ois_video_stabilization_key">0</string>
    <string name="pref_video_fps_p2018_key">FPS_30</string>
    <string name="pref_motion_toast_last_shown_version">7.3.018.291816413</string>
    <string name="lib_chroma_wide_key">1000</string>
    <string name="pref_camera_raw_output_key">0</string>
    <string name="pref_social_app_com_twitter_android">0</string>
    <string name="lib_chroma_l3_4th_key">-1</string>
    <string name="face_retouching_hint">1</string>
    <string name="pref_video_hevc_setting_key">1</string>
    <string name="pref_switch_camera_command_string">-1</string>
    <string name="pref_has_checked_photosphere_mode">1</string>
    <string name="pref_camera_sounds_key">1</string>
    <string name="lib_whites_key">15</string>
    <string name="lib_luma_l1_tele_key">-1</string>
    <string name="pref_switch_to_next_mode_command_string">-1</string>
    <string name="lib_chroma_l3_tele_key">-1</string>
    <string name="lib_contrast_4th_key">1000</string>
    <string name="lib_saturation_5th_key">1000</string>
    <string name="lib_luma_l3_4th_key">-1</string>
    <string name="pref_camera_recordlocation_key">0</string>
    <string name="lib_chroma_5th_key">1000</string>
    <string name="pref_camera_raw_output_option_available_key">1</string>
    <string name="pref_has_checked_cuttlefish_mode">1</string>
    <string name="lib_luma_l2_tele_key">-1</string>
    <string name="lib_luma_l4_5th_key">-1</string>
    <string name="pref_show_48mp_key">0</string>
    <string name="lib_chroma_l2_5th_key">-1</string>
    <string name="lib_chroma_l4_5th_key">-1</string>
    <string name="pref_camera_front_flashmode_key">off</string>
    <string name="pref_pzoom_key">0</string>
    <string name="pref_gallery_key">1</string>
    <string name="lib_sharpness_tele_key">1000</string>
    <string name="perf_has_run_first_education">1</string>
    <string name="lib_sharpness_wide_key">1000</string>
    <string name="pref_zoom_out_command_string">-1</string>
    <string name="pref_googleawb_key">auto</string>
    <string name="lib_contrast_5th_key">1000</string>
    <string name="key_social_share_opt_in">0</string>
    <long name="tooltip_latest_impression_timestamp_for_pref_has_checked_quick_share_tooltip" value="1585756153808" />
    <string name="perf_has_run_second_education">0</string>
    <string name="pref_has_checked_measure_mode">0</string>
    <string name="lib_contrast_key">1000</string>
    <string name="key_ff_opt_in">0</string>
    <string name="pref_camera_picturesize_aux_key">3264x2448</string>
    <string name="pref_has_checked_dual_ev_shadow">0</string>
    <string name="lib_luma_l3_wide_key">-1</string>
    <string name="lib_contrast_wide_key">1000</string>
    <string name="pref_dirty_lens_detector_key">1</string>
    <string name="lib_pwhites_key">333</string>
    <string name="pref_checkbox_mf_enabled_macro">1</string>
    <string name="lib_saturation_key">1000</string>
    <string name="pref_frames_key">25</string>
    <string name="pref_has_checked_lens_mode">0</string>
    <string name="lib_luma_l4_4th_key">-1</string>
    <string name="lib_chroma_l2_4th_key">-1</string>
    <string name="lib_chroma_key">1000</string>
    <string name="pref_camera_picturesize_3rd_key">5184x3880</string>
    <string name="pref_camera_dirty_lens_history_key0">-4.329498|-6.21225|-5.121289|-4.4115667|-5.0747714|-3.8771138|-6.7599907|-2.676177|-4.299175|-4.1308675|-7.6500998|-5.517061|-1.1986266|-2.7236898|-1.9509112|-7.0840673|1.3090569|-0.4257765|-5.48141|-3.41781|-3.9780169|-5.0598917|-2.4161463|5.297216|-6.463187|-5.0872827|-1.9630818|-3.7462115|-2.4814723|-0.9107484|-4.8412294|-0.65753716|</string>
    <string name="pref_checkbox_mf_enabled_portrait">1</string>
    <string name="lib_chroma_l2_wide_key">-1</string>
    <string name="pref_camera_dirty_lens_history_key1">-2.5522454|</string>
    <string name="lib_luma_l1_key">-1</string>
    <string name="lib_luma_l4_tele_key">-1</string>
    <string name="pref_camera_dirty_lens_history_key2">-17.0|-3.0780318|-4.0718646|0.86150646|-3.2493234|</string>
    <string name="pref_camera_dirty_lens_history_key3">-4.90022|-0.89908206|-6.1518703|-0.6685226|0.07986561|0.34084046|-1.2324241|-4.7006845|</string>
    <string name="pref_shutter_command_string">-1</string>
    <string name="pref_camera_picturesize_4th_key">完整分辨率</string>
    <string name="lib_chroma_l2_key">-1</string>
    <string name="pref_has_checked_gouda_mode">1</string>
    <string name="pref_camera_advice_settings">1</string>
    <string name="pref_af_mode_back">0</string>
</map>
